User_ID,Segmento_ID,Nombre_Segmento,Pendiente_Tendencia,Nivel_de_Riesgo,Valor_Monetario_Promedio
2158,0,Important Retention (Estrellas),-0.4221,ALTO (Abandono Inminente),0.211
25708,0,Important Retention (Estrellas),-0.3231,ALTO (Abandono Inminente),0.1615
93408,0,Important Retention (Estrellas),-0.2321,ALTO (Abandono Inminente),0.116
1842,0,Important Retention (Estrellas),-0.2108,ALTO (Abandono Inminente),0.1054
48238,0,Important Retention (Estrellas),-0.1246,ALTO (Abandono Inminente),0.1038
51508,0,Important Retention (Estrellas),-0.0723,ALTO (Abandono Inminente),0.0964
99016,0,Important Retention (Estrellas),-0.1335,ALTO (Abandono Inminente),0.0946
73223,0,Important Retention (Estrellas),-0.1348,ALTO (Abandono Inminente),0.0899
41117,0,Important Retention (Estrellas),-0.0758,ALTO (Abandono Inminente),0.0843
61485,0,Important Retention (Estrellas),-0.0625,ALTO (Abandono Inminente),0.0789
81450,0,Important Retention (Estrellas),-0.055,ALTO (Abandono Inminente),0.0739
67398,0,Important Retention (Estrellas),-0.1387,ALTO (Abandono Inminente),0.0693
48646,0,Important Retention (Estrellas),-0.0899,ALTO (Abandono Inminente),0.0676
71926,1,Loyal Customers (Fieles),-0.0967,ALTO (Abandono Inminente),0.0644
34816,1,Loyal Customers (Fieles),-0.0524,ALTO (Abandono Inminente),0.0603
74723,0,Important Retention (Estrellas),-0.0857,ALTO (Abandono Inminente),0.059
73878,0,Important Retention (Estrellas),-0.0692,ALTO (Abandono Inminente),0.0577
51844,0,Important Retention (Estrellas),-0.1146,ALTO (Abandono Inminente),0.0573
88458,0,Important Retention (Estrellas),-0.0805,ALTO (Abandono Inminente),0.0537
93551,0,Important Retention (Estrellas),-0.1067,ALTO (Abandono Inminente),0.0533
39367,0,Important Retention (Estrellas),-0.106,ALTO (Abandono Inminente),0.053
84952,0,Important Retention (Estrellas),-0.1047,ALTO (Abandono Inminente),0.0523
91805,1,Loyal Customers (Fieles),-0.0768,ALTO (Abandono Inminente),0.0512
2967,1,Loyal Customers (Fieles),-0.074,ALTO (Abandono Inminente),0.0494
62772,1,Loyal Customers (Fieles),-0.0739,ALTO (Abandono Inminente),0.0493
33322,1,Loyal Customers (Fieles),-0.0984,ALTO (Abandono Inminente),0.0492
61851,1,Loyal Customers (Fieles),-0.097,ALTO (Abandono Inminente),0.0485
11464,1,Loyal Customers (Fieles),-0.0963,ALTO (Abandono Inminente),0.0482
44316,1,Loyal Customers (Fieles),-0.0955,ALTO (Abandono Inminente),0.0477
93724,1,Loyal Customers (Fieles),-0.0682,ALTO (Abandono Inminente),0.0455
23153,1,Loyal Customers (Fieles),-0.0866,ALTO (Abandono Inminente),0.0433
94785,1,Loyal Customers (Fieles),-0.086,ALTO (Abandono Inminente),0.043
30180,1,Loyal Customers (Fieles),-0.0511,ALTO (Abandono Inminente),0.0426
85202,1,Loyal Customers (Fieles),-0.0631,ALTO (Abandono Inminente),0.0421
37985,1,Loyal Customers (Fieles),-0.0503,ALTO (Abandono Inminente),0.0419
71927,1,Loyal Customers (Fieles),-0.0627,ALTO (Abandono Inminente),0.0418
49935,1,Loyal Customers (Fieles),-0.0502,ALTO (Abandono Inminente),0.0418
90195,1,Loyal Customers (Fieles),-0.0811,ALTO (Abandono Inminente),0.0406
8699,0,Important Retention (Estrellas),-0.0805,ALTO (Abandono Inminente),0.0403
74984,1,Loyal Customers (Fieles),-0.0577,ALTO (Abandono Inminente),0.0385
54288,1,Loyal Customers (Fieles),-0.076,ALTO (Abandono Inminente),0.038
55372,1,Loyal Customers (Fieles),-0.0757,ALTO (Abandono Inminente),0.0378
23456,1,Loyal Customers (Fieles),-0.0744,ALTO (Abandono Inminente),0.0372
96122,0,Important Retention (Estrellas),-0.073,ALTO (Abandono Inminente),0.0365
67668,1,Loyal Customers (Fieles),-0.0702,ALTO (Abandono Inminente),0.0351
14649,0,Important Retention (Estrellas),-0.0666,ALTO (Abandono Inminente),0.0333
65587,0,Important Retention (Estrellas),-0.066,ALTO (Abandono Inminente),0.033
25775,1,Loyal Customers (Fieles),-0.0656,ALTO (Abandono Inminente),0.0328
16321,1,Loyal Customers (Fieles),-0.0617,ALTO (Abandono Inminente),0.0308
57279,1,Loyal Customers (Fieles),-0.0594,ALTO (Abandono Inminente),0.0297
59815,1,Loyal Customers (Fieles),-0.0517,ALTO (Abandono Inminente),0.0259
51924,1,Loyal Customers (Fieles),-0.0517,ALTO (Abandono Inminente),0.0258
18283,1,Loyal Customers (Fieles),-0.0504,ALTO (Abandono Inminente),0.0252
86938,0,Important Retention (Estrellas),0.3355,Bajo,0.1897
4303,0,Important Retention (Estrellas),0.0,Bajo,0.1882
31269,0,Important Retention (Estrellas),0.0,Bajo,0.1115
1161,0,Important Retention (Estrellas),-0.0055,Bajo,0.0949
22657,0,Important Retention (Estrellas),0.0,Bajo,0.0924
57507,0,Important Retention (Estrellas),0.0,Bajo,0.0866
46005,0,Important Retention (Estrellas),0.0,Bajo,0.0705
69303,0,Important Retention (Estrellas),0.0605,Bajo,0.0693
81911,0,Important Retention (Estrellas),0.0,Bajo,0.0685
46715,0,Important Retention (Estrellas),0.1159,Bajo,0.0681
1398,0,Important Retention (Estrellas),0.0,Bajo,0.0666
19661,0,Important Retention (Estrellas),0.0,Bajo,0.0666
89473,0,Important Retention (Estrellas),0.0782,Bajo,0.0611
42910,2,Developmental (En Crecimiento),-0.004,Bajo,0.0518
40106,0,Important Retention (Estrellas),0.0,Bajo,0.0468
63125,0,Important Retention (Estrellas),0.0094,Bajo,0.0467
84590,0,Important Retention (Estrellas),0.0,Bajo,0.0466
99393,0,Important Retention (Estrellas),0.0,Bajo,0.0388
29315,2,Developmental (En Crecimiento),-0.0092,Bajo,0.0353
10233,2,Developmental (En Crecimiento),-0.0007,Bajo,0.0348
4350,2,Developmental (En Crecimiento),-0.0037,Bajo,0.0339
4475,0,Important Retention (Estrellas),0.0,Bajo,0.032
96748,0,Important Retention (Estrellas),-0.0093,Bajo,0.0318
25821,2,Developmental (En Crecimiento),0.0048,Bajo,0.0313
68478,2,Developmental (En Crecimiento),-0.0057,Bajo,0.0303
86309,2,Developmental (En Crecimiento),-0.0036,Bajo,0.0302
75337,2,Developmental (En Crecimiento),0.0025,Bajo,0.0295
63134,0,Important Retention (Estrellas),0.0,Bajo,0.0291
14551,2,Developmental (En Crecimiento),-0.0049,Bajo,0.0281
4272,2,Developmental (En Crecimiento),0.0021,Bajo,0.0274
81593,2,Developmental (En Crecimiento),0.0012,Bajo,0.0273
27955,2,Developmental (En Crecimiento),-0.0077,Bajo,0.0261
89217,0,Important Retention (Estrellas),-0.0091,Bajo,0.0258
30243,0,Important Retention (Estrellas),0.0,Bajo,0.0255
80353,1,Loyal Customers (Fieles),-0.0048,Bajo,0.0248
94447,0,Important Retention (Estrellas),-0.0017,Bajo,0.0243
39160,2,Developmental (En Crecimiento),-0.0029,Bajo,0.0242
60575,0,Important Retention (Estrellas),0.0,Bajo,0.0239
56828,2,Developmental (En Crecimiento),-0.0024,Bajo,0.0237
27218,2,Developmental (En Crecimiento),-0.0099,Bajo,0.0232
35101,2,Developmental (En Crecimiento),-0.0055,Bajo,0.023
95765,2,Developmental (En Crecimiento),-0.0092,Bajo,0.0229
79110,0,Important Retention (Estrellas),0.0,Bajo,0.0226
5982,2,Developmental (En Crecimiento),-0.0082,Bajo,0.0226
21915,2,Developmental (En Crecimiento),-0.0004,Bajo,0.0222
4540,2,Developmental (En Crecimiento),-0.0019,Bajo,0.0219
47632,2,Developmental (En Crecimiento),0.0019,Bajo,0.0216
687,2,Developmental (En Crecimiento),-0.0029,Bajo,0.021
2864,2,Developmental (En Crecimiento),-0.0041,Bajo,0.021
41283,2,Developmental (En Crecimiento),-0.0009,Bajo,0.0209
76043,2,Developmental (En Crecimiento),-0.0074,Bajo,0.0206
85106,2,Developmental (En Crecimiento),-0.0037,Bajo,0.0205
8471,2,Developmental (En Crecimiento),-0.0056,Bajo,0.0205
13391,2,Developmental (En Crecimiento),-0.0012,Bajo,0.0205
731,2,Developmental (En Crecimiento),-0.0031,Bajo,0.0204
90603,2,Developmental (En Crecimiento),0.0049,Bajo,0.0199
55625,2,Developmental (En Crecimiento),0.0006,Bajo,0.0198
22185,2,Developmental (En Crecimiento),0.0005,Bajo,0.0196
60111,2,Developmental (En Crecimiento),0.0072,Bajo,0.0195
9325,3,General Customers (Básicos),-0.0097,Bajo,0.0194
23640,0,Important Retention (Estrellas),0.0063,Bajo,0.0194
34551,2,Developmental (En Crecimiento),-0.0078,Bajo,0.0194
51522,2,Developmental (En Crecimiento),-0.0015,Bajo,0.0192
76325,0,Important Retention (Estrellas),0.0078,Bajo,0.0188
36218,2,Developmental (En Crecimiento),-0.0081,Bajo,0.0186
56362,2,Developmental (En Crecimiento),-0.0041,Bajo,0.0184
64717,2,Developmental (En Crecimiento),-0.0027,Bajo,0.0183
85811,3,General Customers (Básicos),-0.0092,Bajo,0.0183
91424,0,Important Retention (Estrellas),0.0,Bajo,0.0181
5592,3,General Customers (Básicos),-0.0097,Bajo,0.0178
96977,2,Developmental (En Crecimiento),-0.0033,Bajo,0.0175
7298,3,General Customers (Básicos),-0.006,Bajo,0.017
88460,0,Important Retention (Estrellas),-0.0029,Bajo,0.017
26340,2,Developmental (En Crecimiento),0.0008,Bajo,0.0169
75334,0,Important Retention (Estrellas),-0.0092,Bajo,0.0168
23268,2,Developmental (En Crecimiento),-0.0048,Bajo,0.0168
51137,3,General Customers (Básicos),-0.0098,Bajo,0.0164
54291,0,Important Retention (Estrellas),0.0,Bajo,0.0162
48162,2,Developmental (En Crecimiento),-0.004,Bajo,0.0162
61846,2,Developmental (En Crecimiento),0.0001,Bajo,0.0162
11918,3,General Customers (Básicos),-0.006,Bajo,0.0161
38014,1,Loyal Customers (Fieles),-0.0045,Bajo,0.0161
41688,1,Loyal Customers (Fieles),-0.0083,Bajo,0.0159
61132,2,Developmental (En Crecimiento),0.0006,Bajo,0.0159
77474,2,Developmental (En Crecimiento),-0.0004,Bajo,0.0157
71130,0,Important Retention (Estrellas),0.0011,Bajo,0.0156
18477,2,Developmental (En Crecimiento),-0.0097,Bajo,0.0153
25865,2,Developmental (En Crecimiento),-0.0024,Bajo,0.0149
22986,2,Developmental (En Crecimiento),-0.0075,Bajo,0.0148
38363,2,Developmental (En Crecimiento),-0.0036,Bajo,0.0147
27751,0,Important Retention (Estrellas),-0.0028,Bajo,0.0145
91488,2,Developmental (En Crecimiento),0.002,Bajo,0.014
27505,2,Developmental (En Crecimiento),-0.0088,Bajo,0.014
19249,2,Developmental (En Crecimiento),-0.0033,Bajo,0.0139
16828,2,Developmental (En Crecimiento),0.0001,Bajo,0.0137
41704,2,Developmental (En Crecimiento),-0.0039,Bajo,0.0135
42345,2,Developmental (En Crecimiento),-0.0073,Bajo,0.0135
79668,2,Developmental (En Crecimiento),-0.0042,Bajo,0.0135
26224,2,Developmental (En Crecimiento),-0.0002,Bajo,0.0135
5613,2,Developmental (En Crecimiento),-0.0027,Bajo,0.0134
17907,0,Important Retention (Estrellas),-0.0027,Bajo,0.0133
24631,0,Important Retention (Estrellas),-0.0036,Bajo,0.0132
83615,2,Developmental (En Crecimiento),-0.001,Bajo,0.0131
3111,2,Developmental (En Crecimiento),-0.0047,Bajo,0.0131
30584,2,Developmental (En Crecimiento),-0.0035,Bajo,0.0131
21926,2,Developmental (En Crecimiento),-0.0036,Bajo,0.013
22045,0,Important Retention (Estrellas),0.0,Bajo,0.0129
90609,3,General Customers (Básicos),-0.007,Bajo,0.0128
77447,2,Developmental (En Crecimiento),-0.0029,Bajo,0.0128
3515,2,Developmental (En Crecimiento),-0.0037,Bajo,0.0127
45869,1,Loyal Customers (Fieles),-0.0084,Bajo,0.0125
66673,2,Developmental (En Crecimiento),0.0009,Bajo,0.0125
26988,2,Developmental (En Crecimiento),0.0007,Bajo,0.0125
52541,2,Developmental (En Crecimiento),-0.0045,Bajo,0.0124
38796,2,Developmental (En Crecimiento),-0.0028,Bajo,0.0123
81797,2,Developmental (En Crecimiento),-0.0031,Bajo,0.0123
29075,0,Important Retention (Estrellas),-0.0028,Bajo,0.0122
31505,3,General Customers (Básicos),-0.0051,Bajo,0.0119
33139,2,Developmental (En Crecimiento),-0.001,Bajo,0.0119
26100,2,Developmental (En Crecimiento),0.001,Bajo,0.0119
60771,0,Important Retention (Estrellas),-0.0028,Bajo,0.0119
991,0,Important Retention (Estrellas),0.0017,Bajo,0.0119
5,0,Important Retention (Estrellas),-0.0047,Bajo,0.0118
47722,0,Important Retention (Estrellas),0.0007,Bajo,0.0117
27653,2,Developmental (En Crecimiento),-0.0011,Bajo,0.0117
3847,1,Loyal Customers (Fieles),-0.0087,Bajo,0.0116
93035,2,Developmental (En Crecimiento),-0.0016,Bajo,0.0115
54930,2,Developmental (En Crecimiento),-0.0024,Bajo,0.0115
82582,2,Developmental (En Crecimiento),-0.0023,Bajo,0.0115
81923,1,Loyal Customers (Fieles),-0.0096,Bajo,0.0112
35150,2,Developmental (En Crecimiento),-0.0026,Bajo,0.0111
87894,1,Loyal Customers (Fieles),-0.0082,Bajo,0.011
57408,2,Developmental (En Crecimiento),-0.0027,Bajo,0.0109
33970,2,Developmental (En Crecimiento),-0.0012,Bajo,0.0109
738,1,Loyal Customers (Fieles),-0.006,Bajo,0.0109
64017,2,Developmental (En Crecimiento),-0.0002,Bajo,0.0108
87380,0,Important Retention (Estrellas),-0.005,Bajo,0.0108
87762,2,Developmental (En Crecimiento),0.0005,Bajo,0.0107
17719,0,Important Retention (Estrellas),-0.001,Bajo,0.0107
22007,3,General Customers (Básicos),-0.004,Bajo,0.0107
95903,2,Developmental (En Crecimiento),-0.0023,Bajo,0.0106
88634,1,Loyal Customers (Fieles),-0.0065,Bajo,0.0106
71284,3,General Customers (Básicos),-0.007,Bajo,0.0106
35717,2,Developmental (En Crecimiento),-0.0001,Bajo,0.0105
14044,0,Important Retention (Estrellas),-0.0011,Bajo,0.0105
33684,3,General Customers (Básicos),-0.0048,Bajo,0.0105
65495,1,Loyal Customers (Fieles),-0.0079,Bajo,0.0105
73988,3,General Customers (Básicos),-0.007,Bajo,0.0105
62165,2,Developmental (En Crecimiento),0.0002,Bajo,0.0101
64446,2,Developmental (En Crecimiento),-0.007,Bajo,0.01
50978,3,General Customers (Básicos),-0.006,Bajo,0.01
7767,2,Developmental (En Crecimiento),-0.0035,Bajo,0.0099
83073,3,General Customers (Básicos),-0.0049,Bajo,0.0098
3528,2,Developmental (En Crecimiento),-0.0001,Bajo,0.0098
21535,0,Important Retention (Estrellas),-0.0023,Bajo,0.0097
55339,0,Important Retention (Estrellas),-0.0021,Bajo,0.0096
41785,0,Important Retention (Estrellas),-0.0021,Bajo,0.0096
87826,1,Loyal Customers (Fieles),-0.0086,Bajo,0.0096
46197,2,Developmental (En Crecimiento),-0.0002,Bajo,0.0096
26447,3,General Customers (Básicos),-0.0058,Bajo,0.0096
33217,2,Developmental (En Crecimiento),-0.0027,Bajo,0.0095
87824,3,General Customers (Básicos),-0.0057,Bajo,0.0095
9111,3,General Customers (Básicos),-0.0044,Bajo,0.0095
77896,0,Important Retention (Estrellas),-0.002,Bajo,0.0095
2120,2,Developmental (En Crecimiento),0.0002,Bajo,0.0095
30330,2,Developmental (En Crecimiento),-0.0033,Bajo,0.0094
89035,3,General Customers (Básicos),-0.0051,Bajo,0.0094
51813,3,General Customers (Básicos),-0.0047,Bajo,0.0094
38665,2,Developmental (En Crecimiento),-0.0024,Bajo,0.0093
43665,0,Important Retention (Estrellas),-0.0031,Bajo,0.0093
50653,0,Important Retention (Estrellas),-0.0004,Bajo,0.0092
76960,1,Loyal Customers (Fieles),-0.0069,Bajo,0.0092
57109,1,Loyal Customers (Fieles),-0.0079,Bajo,0.0092
24121,2,Developmental (En Crecimiento),-0.0011,Bajo,0.0091
21963,2,Developmental (En Crecimiento),-0.0041,Bajo,0.0091
66141,2,Developmental (En Crecimiento),-0.0024,Bajo,0.0091
11920,3,General Customers (Básicos),-0.0034,Bajo,0.0091
16480,2,Developmental (En Crecimiento),-0.0035,Bajo,0.009
75256,0,Important Retention (Estrellas),0.0002,Bajo,0.0089
60848,3,General Customers (Básicos),-0.0053,Bajo,0.0089
98373,2,Developmental (En Crecimiento),-0.0011,Bajo,0.0088
804,1,Loyal Customers (Fieles),-0.0088,Bajo,0.0088
72644,1,Loyal Customers (Fieles),-0.0088,Bajo,0.0088
75232,2,Developmental (En Crecimiento),-0.0007,Bajo,0.0088
39025,2,Developmental (En Crecimiento),0.0011,Bajo,0.0088
74972,1,Loyal Customers (Fieles),-0.0088,Bajo,0.0088
33100,0,Important Retention (Estrellas),-0.0038,Bajo,0.0088
19071,0,Important Retention (Estrellas),-0.0015,Bajo,0.0087
89595,2,Developmental (En Crecimiento),-0.0008,Bajo,0.0087
19487,0,Important Retention (Estrellas),-0.0015,Bajo,0.0087
89644,3,General Customers (Básicos),-0.0037,Bajo,0.0087
15988,0,Important Retention (Estrellas),-0.0023,Bajo,0.0086
39570,2,Developmental (En Crecimiento),-0.0032,Bajo,0.0086
66768,0,Important Retention (Estrellas),-0.0009,Bajo,0.0086
3689,1,Loyal Customers (Fieles),-0.0053,Bajo,0.0086
30560,3,General Customers (Básicos),-0.0026,Bajo,0.0085
83466,2,Developmental (En Crecimiento),-0.0045,Bajo,0.0085
85909,3,General Customers (Básicos),-0.0034,Bajo,0.0085
28860,2,Developmental (En Crecimiento),-0.002,Bajo,0.0084
89095,1,Loyal Customers (Fieles),-0.0084,Bajo,0.0084
35746,2,Developmental (En Crecimiento),-0.0025,Bajo,0.0084
26725,2,Developmental (En Crecimiento),-0.002,Bajo,0.0083
74304,2,Developmental (En Crecimiento),0.0003,Bajo,0.0083
87224,0,Important Retention (Estrellas),-0.0002,Bajo,0.0083
7547,1,Loyal Customers (Fieles),-0.0082,Bajo,0.0082
52789,0,Important Retention (Estrellas),-0.0017,Bajo,0.0082
98809,3,General Customers (Básicos),-0.0055,Bajo,0.0082
45821,0,Important Retention (Estrellas),0.0001,Bajo,0.0082
37776,1,Loyal Customers (Fieles),-0.0062,Bajo,0.0082
72492,0,Important Retention (Estrellas),-0.0023,Bajo,0.0082
98471,1,Loyal Customers (Fieles),-0.0069,Bajo,0.0081
30351,2,Developmental (En Crecimiento),-0.0009,Bajo,0.0081
6771,2,Developmental (En Crecimiento),-0.0008,Bajo,0.0081
92094,3,General Customers (Básicos),-0.0029,Bajo,0.0081
4226,1,Loyal Customers (Fieles),-0.0097,Bajo,0.0081
43653,3,General Customers (Básicos),-0.0054,Bajo,0.0081
74778,1,Loyal Customers (Fieles),-0.0096,Bajo,0.008
15043,3,General Customers (Básicos),-0.0034,Bajo,0.008
15007,2,Developmental (En Crecimiento),-0.0004,Bajo,0.0079
7633,0,Important Retention (Estrellas),-0.0017,Bajo,0.0079
82176,0,Important Retention (Estrellas),-0.0012,Bajo,0.0079
36534,1,Loyal Customers (Fieles),-0.0046,Bajo,0.0079
68423,3,General Customers (Básicos),-0.0029,Bajo,0.0078
33308,3,General Customers (Básicos),-0.0052,Bajo,0.0078
76623,0,Important Retention (Estrellas),-0.0019,Bajo,0.0078
47760,2,Developmental (En Crecimiento),-0.0008,Bajo,0.0078
83104,0,Important Retention (Estrellas),-0.0003,Bajo,0.0078
71803,3,General Customers (Básicos),-0.0036,Bajo,0.0078
22567,0,Important Retention (Estrellas),0.0009,Bajo,0.0076
52437,3,General Customers (Básicos),-0.0038,Bajo,0.0076
73272,1,Loyal Customers (Fieles),-0.0076,Bajo,0.0076
87623,3,General Customers (Básicos),-0.0045,Bajo,0.0075
67680,1,Loyal Customers (Fieles),-0.0056,Bajo,0.0075
77265,3,General Customers (Básicos),-0.0038,Bajo,0.0075
90050,3,General Customers (Básicos),-0.0038,Bajo,0.0075
81794,3,General Customers (Básicos),-0.0041,Bajo,0.0074
900,0,Important Retention (Estrellas),-0.0016,Bajo,0.0074
65441,0,Important Retention (Estrellas),-0.001,Bajo,0.0074
40186,1,Loyal Customers (Fieles),-0.0055,Bajo,0.0073
108,1,Loyal Customers (Fieles),-0.0055,Bajo,0.0073
59574,2,Developmental (En Crecimiento),-0.0043,Bajo,0.0073
84673,2,Developmental (En Crecimiento),-0.0022,Bajo,0.0073
76002,2,Developmental (En Crecimiento),-0.0003,Bajo,0.0073
33088,2,Developmental (En Crecimiento),-0.0016,Bajo,0.0072
35693,3,General Customers (Básicos),-0.0043,Bajo,0.0072
66121,3,General Customers (Básicos),-0.0048,Bajo,0.0072
57592,2,Developmental (En Crecimiento),-0.0039,Bajo,0.0072
13903,2,Developmental (En Crecimiento),-0.0031,Bajo,0.0072
31594,1,Loyal Customers (Fieles),-0.0085,Bajo,0.0071
41679,3,General Customers (Básicos),-0.002,Bajo,0.0071
4259,2,Developmental (En Crecimiento),-0.001,Bajo,0.0071
71843,2,Developmental (En Crecimiento),-0.0008,Bajo,0.0071
15982,0,Important Retention (Estrellas),0.002,Bajo,0.007
50046,1,Loyal Customers (Fieles),-0.0047,Bajo,0.007
30548,1,Loyal Customers (Fieles),-0.007,Bajo,0.007
87092,0,Important Retention (Estrellas),-0.0017,Bajo,0.007
57006,3,General Customers (Básicos),-0.0021,Bajo,0.007
86321,1,Loyal Customers (Fieles),-0.0036,Bajo,0.0069
55023,2,Developmental (En Crecimiento),0.0002,Bajo,0.0069
7226,2,Developmental (En Crecimiento),-0.0001,Bajo,0.0069
83845,0,Important Retention (Estrellas),-0.0013,Bajo,0.0068
13560,2,Developmental (En Crecimiento),-0.0009,Bajo,0.0068
68652,2,Developmental (En Crecimiento),-0.0029,Bajo,0.0068
96403,2,Developmental (En Crecimiento),-0.001,Bajo,0.0068
1237,1,Loyal Customers (Fieles),-0.0067,Bajo,0.0067
91907,2,Developmental (En Crecimiento),-0.0001,Bajo,0.0067
29513,2,Developmental (En Crecimiento),-0.0019,Bajo,0.0067
1716,2,Developmental (En Crecimiento),-0.0013,Bajo,0.0067
46529,3,General Customers (Básicos),-0.0027,Bajo,0.0067
96608,2,Developmental (En Crecimiento),-0.0047,Bajo,0.0067
14402,3,General Customers (Básicos),-0.0033,Bajo,0.0066
64904,1,Loyal Customers (Fieles),-0.0079,Bajo,0.0066
12990,1,Loyal Customers (Fieles),-0.005,Bajo,0.0066
18059,0,Important Retention (Estrellas),-0.0012,Bajo,0.0066
15599,0,Important Retention (Estrellas),-0.0011,Bajo,0.0066
52906,0,Important Retention (Estrellas),0.0002,Bajo,0.0065
7930,1,Loyal Customers (Fieles),-0.0049,Bajo,0.0065
9512,1,Loyal Customers (Fieles),-0.0065,Bajo,0.0065
46930,3,General Customers (Básicos),-0.0035,Bajo,0.0065
18180,0,Important Retention (Estrellas),-0.0011,Bajo,0.0065
12233,1,Loyal Customers (Fieles),-0.0078,Bajo,0.0065
18145,0,Important Retention (Estrellas),0.0003,Bajo,0.0064
93376,1,Loyal Customers (Fieles),-0.0055,Bajo,0.0064
89220,0,Important Retention (Estrellas),-0.0043,Bajo,0.0064
7134,0,Important Retention (Estrellas),-0.0006,Bajo,0.0064
53416,0,Important Retention (Estrellas),-0.0017,Bajo,0.0064
36746,3,General Customers (Básicos),-0.0019,Bajo,0.0063
23019,0,Important Retention (Estrellas),0.0006,Bajo,0.0063
62541,0,Important Retention (Estrellas),-0.0011,Bajo,0.0063
21042,3,General Customers (Básicos),-0.0035,Bajo,0.0063
12369,2,Developmental (En Crecimiento),0.0004,Bajo,0.0062
71849,0,Important Retention (Estrellas),-0.0008,Bajo,0.0062
71015,3,General Customers (Básicos),-0.0041,Bajo,0.0062
75453,2,Developmental (En Crecimiento),0.0002,Bajo,0.0062
41831,2,Developmental (En Crecimiento),-0.001,Bajo,0.0062
46691,3,General Customers (Básicos),-0.0022,Bajo,0.0061
25270,2,Developmental (En Crecimiento),-0.0022,Bajo,0.0061
1363,0,Important Retention (Estrellas),-0.0002,Bajo,0.0061
47055,1,Loyal Customers (Fieles),-0.0061,Bajo,0.0061
47631,2,Developmental (En Crecimiento),-0.0029,Bajo,0.006
53784,1,Loyal Customers (Fieles),-0.009,Bajo,0.006
57736,1,Loyal Customers (Fieles),-0.009,Bajo,0.006
71400,0,Important Retention (Estrellas),-0.0012,Bajo,0.0059
5841,3,General Customers (Básicos),-0.0019,Bajo,0.0059
60279,2,Developmental (En Crecimiento),-0.0006,Bajo,0.0059
68616,3,General Customers (Básicos),-0.0016,Bajo,0.0059
28365,1,Loyal Customers (Fieles),-0.0051,Bajo,0.0059
64293,3,General Customers (Básicos),-0.0032,Bajo,0.0058
73456,1,Loyal Customers (Fieles),-0.005,Bajo,0.0058
7234,0,Important Retention (Estrellas),0.0004,Bajo,0.0058
63108,2,Developmental (En Crecimiento),0.0006,Bajo,0.0058
58659,0,Important Retention (Estrellas),0.0,Bajo,0.0058
75160,0,Important Retention (Estrellas),-0.001,Bajo,0.0058
12849,1,Loyal Customers (Fieles),-0.0038,Bajo,0.0057
86255,3,General Customers (Básicos),-0.0037,Bajo,0.0056
97660,0,Important Retention (Estrellas),-0.0017,Bajo,0.0056
89316,0,Important Retention (Estrellas),-0.0002,Bajo,0.0056
39815,3,General Customers (Básicos),-0.0021,Bajo,0.0055
68144,3,General Customers (Básicos),-0.0027,Bajo,0.0055
39870,3,General Customers (Básicos),-0.0015,Bajo,0.0055
55602,3,General Customers (Básicos),-0.003,Bajo,0.0055
35754,2,Developmental (En Crecimiento),-0.0027,Bajo,0.0055
14848,1,Loyal Customers (Fieles),-0.0033,Bajo,0.0055
97288,1,Loyal Customers (Fieles),-0.0055,Bajo,0.0055
59080,3,General Customers (Básicos),-0.0018,Bajo,0.0055
87513,0,Important Retention (Estrellas),-0.0003,Bajo,0.0055
64068,3,General Customers (Básicos),-0.002,Bajo,0.0054
91768,2,Developmental (En Crecimiento),-0.0002,Bajo,0.0054
62709,0,Important Retention (Estrellas),-0.0003,Bajo,0.0054
77126,1,Loyal Customers (Fieles),-0.0081,Bajo,0.0054
82,0,Important Retention (Estrellas),-0.0006,Bajo,0.0054
74036,0,Important Retention (Estrellas),-0.0001,Bajo,0.0054
46163,3,General Customers (Básicos),-0.0032,Bajo,0.0054
305,1,Loyal Customers (Fieles),-0.0036,Bajo,0.0054
55864,2,Developmental (En Crecimiento),-0.0003,Bajo,0.0054
99141,2,Developmental (En Crecimiento),-0.0004,Bajo,0.0053
5534,3,General Customers (Básicos),-0.0014,Bajo,0.0053
13745,3,General Customers (Básicos),-0.002,Bajo,0.0053
74892,0,Important Retention (Estrellas),-0.0006,Bajo,0.0053
78737,3,General Customers (Básicos),-0.0027,Bajo,0.0053
70306,0,Important Retention (Estrellas),-0.0008,Bajo,0.0053
93761,2,Developmental (En Crecimiento),-0.0012,Bajo,0.0052
66776,3,General Customers (Básicos),-0.0028,Bajo,0.0052
68271,1,Loyal Customers (Fieles),-0.0052,Bajo,0.0052
37801,2,Developmental (En Crecimiento),-0.0016,Bajo,0.0052
81398,2,Developmental (En Crecimiento),-0.0011,Bajo,0.0052
40924,3,General Customers (Básicos),-0.0024,Bajo,0.0051
23888,0,Important Retention (Estrellas),-0.0012,Bajo,0.0051
22525,2,Developmental (En Crecimiento),-0.0008,Bajo,0.0051
13588,2,Developmental (En Crecimiento),-0.0002,Bajo,0.0051
58148,2,Developmental (En Crecimiento),-0.001,Bajo,0.005
15351,2,Developmental (En Crecimiento),-0.0008,Bajo,0.005
69663,1,Loyal Customers (Fieles),-0.005,Bajo,0.005
29345,3,General Customers (Básicos),-0.0025,Bajo,0.005
45388,3,General Customers (Básicos),-0.0027,Bajo,0.005
5595,1,Loyal Customers (Fieles),-0.0034,Bajo,0.005
48247,3,General Customers (Básicos),-0.002,Bajo,0.005
99463,3,General Customers (Básicos),-0.0033,Bajo,0.0049
70145,3,General Customers (Básicos),-0.0024,Bajo,0.0049
31887,0,Important Retention (Estrellas),-0.0007,Bajo,0.0049
88526,2,Developmental (En Crecimiento),-0.0002,Bajo,0.0049
76492,2,Developmental (En Crecimiento),-0.0016,Bajo,0.0049
41020,3,General Customers (Básicos),-0.0021,Bajo,0.0049
8080,2,Developmental (En Crecimiento),0.0007,Bajo,0.0049
84776,1,Loyal Customers (Fieles),-0.0097,Bajo,0.0048
16210,3,General Customers (Básicos),-0.0018,Bajo,0.0048
36932,1,Loyal Customers (Fieles),-0.0058,Bajo,0.0048
78291,1,Loyal Customers (Fieles),-0.0097,Bajo,0.0048
28169,0,Important Retention (Estrellas),-0.0012,Bajo,0.0048
32342,3,General Customers (Básicos),-0.0014,Bajo,0.0048
12032,2,Developmental (En Crecimiento),-0.0019,Bajo,0.0048
92116,0,Important Retention (Estrellas),-0.0007,Bajo,0.0048
97104,1,Loyal Customers (Fieles),-0.0058,Bajo,0.0048
19742,3,General Customers (Básicos),-0.0019,Bajo,0.0048
20500,3,General Customers (Básicos),-0.0032,Bajo,0.0048
79826,3,General Customers (Básicos),-0.0017,Bajo,0.0048
24356,1,Loyal Customers (Fieles),-0.0057,Bajo,0.0048
3846,1,Loyal Customers (Fieles),-0.0071,Bajo,0.0047
53537,0,Important Retention (Estrellas),-0.0006,Bajo,0.0047
21132,1,Loyal Customers (Fieles),-0.0035,Bajo,0.0047
41529,0,Important Retention (Estrellas),-0.0007,Bajo,0.0047
53523,2,Developmental (En Crecimiento),-0.0005,Bajo,0.0046
27540,0,Important Retention (Estrellas),0.0003,Bajo,0.0046
16702,0,Important Retention (Estrellas),0.0004,Bajo,0.0046
41146,0,Important Retention (Estrellas),-0.0011,Bajo,0.0046
9801,0,Important Retention (Estrellas),0.0003,Bajo,0.0046
71754,0,Important Retention (Estrellas),-0.0011,Bajo,0.0046
16379,0,Important Retention (Estrellas),-0.0004,Bajo,0.0046
84639,3,General Customers (Básicos),-0.002,Bajo,0.0046
75073,2,Developmental (En Crecimiento),-0.0006,Bajo,0.0046
3343,3,General Customers (Básicos),-0.0013,Bajo,0.0046
99743,2,Developmental (En Crecimiento),-0.0009,Bajo,0.0046
39013,0,Important Retention (Estrellas),-0.0007,Bajo,0.0045
18251,1,Loyal Customers (Fieles),-0.0054,Bajo,0.0045
77257,0,Important Retention (Estrellas),-0.0004,Bajo,0.0045
55565,2,Developmental (En Crecimiento),-0.0004,Bajo,0.0045
13978,3,General Customers (Básicos),-0.0016,Bajo,0.0044
95798,2,Developmental (En Crecimiento),-0.0006,Bajo,0.0044
53866,2,Developmental (En Crecimiento),-0.0006,Bajo,0.0044
96096,3,General Customers (Básicos),-0.0015,Bajo,0.0044
8228,0,Important Retention (Estrellas),-0.0007,Bajo,0.0044
69106,1,Loyal Customers (Fieles),-0.0044,Bajo,0.0044
54317,0,Important Retention (Estrellas),-0.0009,Bajo,0.0044
14879,0,Important Retention (Estrellas),-0.0012,Bajo,0.0044
17937,2,Developmental (En Crecimiento),-0.0014,Bajo,0.0043
65475,3,General Customers (Básicos),-0.0023,Bajo,0.0043
64955,3,General Customers (Básicos),-0.002,Bajo,0.0042
33363,0,Important Retention (Estrellas),-0.0007,Bajo,0.0042
18353,2,Developmental (En Crecimiento),-0.001,Bajo,0.0042
27455,2,Developmental (En Crecimiento),0.0002,Bajo,0.0042
12821,3,General Customers (Básicos),-0.0014,Bajo,0.0042
99004,1,Loyal Customers (Fieles),-0.0036,Bajo,0.0042
5253,0,Important Retention (Estrellas),0.0015,Bajo,0.0042
30923,1,Loyal Customers (Fieles),-0.0063,Bajo,0.0042
38831,0,Important Retention (Estrellas),-0.0007,Bajo,0.0042
98826,1,Loyal Customers (Fieles),-0.0084,Bajo,0.0042
55766,1,Loyal Customers (Fieles),-0.0031,Bajo,0.0042
21734,0,Important Retention (Estrellas),-0.0005,Bajo,0.0042
16207,1,Loyal Customers (Fieles),-0.0084,Bajo,0.0042
4830,1,Loyal Customers (Fieles),-0.0031,Bajo,0.0042
74389,3,General Customers (Básicos),-0.0023,Bajo,0.0041
38127,0,Important Retention (Estrellas),-0.0003,Bajo,0.0041
63235,3,General Customers (Básicos),-0.0016,Bajo,0.0041
15633,0,Important Retention (Estrellas),-0.0009,Bajo,0.0041
14054,1,Loyal Customers (Fieles),-0.0061,Bajo,0.0041
45830,3,General Customers (Básicos),-0.0019,Bajo,0.0041
26256,0,Important Retention (Estrellas),-0.0006,Bajo,0.004
90286,3,General Customers (Básicos),-0.0014,Bajo,0.004
37008,1,Loyal Customers (Fieles),-0.0048,Bajo,0.004
88720,3,General Customers (Básicos),-0.0024,Bajo,0.004
81227,0,Important Retention (Estrellas),-0.0004,Bajo,0.004
68421,1,Loyal Customers (Fieles),-0.006,Bajo,0.004
24894,1,Loyal Customers (Fieles),-0.0048,Bajo,0.004
67449,3,General Customers (Básicos),-0.0018,Bajo,0.004
4024,3,General Customers (Básicos),-0.0012,Bajo,0.004
74634,1,Loyal Customers (Fieles),-0.006,Bajo,0.004
66750,3,General Customers (Básicos),-0.002,Bajo,0.004
81079,3,General Customers (Básicos),-0.0018,Bajo,0.0039
25790,0,Important Retention (Estrellas),-0.0008,Bajo,0.0039
59275,1,Loyal Customers (Fieles),-0.0058,Bajo,0.0039
76843,0,Important Retention (Estrellas),-0.0009,Bajo,0.0039
69393,1,Loyal Customers (Fieles),-0.0039,Bajo,0.0039
40278,1,Loyal Customers (Fieles),-0.0039,Bajo,0.0039
2535,1,Loyal Customers (Fieles),-0.0047,Bajo,0.0039
3774,3,General Customers (Básicos),-0.0012,Bajo,0.0038
95984,2,Developmental (En Crecimiento),-0.0014,Bajo,0.0038
86826,0,Important Retention (Estrellas),-0.0002,Bajo,0.0038
40985,0,Important Retention (Estrellas),-0.0008,Bajo,0.0038
33500,0,Important Retention (Estrellas),-0.0,Bajo,0.0038
44930,3,General Customers (Básicos),-0.0017,Bajo,0.0038
88236,3,General Customers (Básicos),-0.0021,Bajo,0.0038
22792,3,General Customers (Básicos),-0.0014,Bajo,0.0038
24383,1,Loyal Customers (Fieles),-0.0032,Bajo,0.0038
93788,0,Important Retention (Estrellas),-0.0005,Bajo,0.0038
71460,0,Important Retention (Estrellas),0.0004,Bajo,0.0038
58628,0,Important Retention (Estrellas),-0.0003,Bajo,0.0037
24033,0,Important Retention (Estrellas),-0.0007,Bajo,0.0037
88956,1,Loyal Customers (Fieles),-0.0031,Bajo,0.0037
1429,1,Loyal Customers (Fieles),-0.0045,Bajo,0.0037
57738,0,Important Retention (Estrellas),-0.0002,Bajo,0.0037
40747,2,Developmental (En Crecimiento),0.0009,Bajo,0.0037
34709,3,General Customers (Básicos),-0.0013,Bajo,0.0036
98615,3,General Customers (Básicos),-0.0014,Bajo,0.0036
57235,2,Developmental (En Crecimiento),-0.0009,Bajo,0.0036
13529,0,Important Retention (Estrellas),-0.0005,Bajo,0.0036
29568,2,Developmental (En Crecimiento),0.0005,Bajo,0.0036
81068,3,General Customers (Básicos),-0.0022,Bajo,0.0036
41821,1,Loyal Customers (Fieles),-0.0043,Bajo,0.0036
56774,1,Loyal Customers (Fieles),-0.0035,Bajo,0.0035
44647,3,General Customers (Básicos),-0.0014,Bajo,0.0035
58617,2,Developmental (En Crecimiento),-0.0001,Bajo,0.0035
3595,3,General Customers (Básicos),-0.0016,Bajo,0.0035
15246,2,Developmental (En Crecimiento),-0.0008,Bajo,0.0035
82303,2,Developmental (En Crecimiento),-0.0003,Bajo,0.0034
71327,1,Loyal Customers (Fieles),-0.0041,Bajo,0.0034
66833,1,Loyal Customers (Fieles),-0.0068,Bajo,0.0034
36023,3,General Customers (Básicos),-0.001,Bajo,0.0034
51870,0,Important Retention (Estrellas),0.0,Bajo,0.0034
98102,2,Developmental (En Crecimiento),-0.0009,Bajo,0.0034
10498,1,Loyal Customers (Fieles),-0.0068,Bajo,0.0034
24345,3,General Customers (Básicos),-0.0013,Bajo,0.0034
69499,3,General Customers (Básicos),-0.0014,Bajo,0.0033
97602,0,Important Retention (Estrellas),-0.0006,Bajo,0.0033
4247,0,Important Retention (Estrellas),-0.0006,Bajo,0.0033
11636,3,General Customers (Básicos),-0.002,Bajo,0.0033
98721,3,General Customers (Básicos),-0.0015,Bajo,0.0033
48149,3,General Customers (Básicos),-0.0018,Bajo,0.0032
32314,0,Important Retention (Estrellas),-0.0,Bajo,0.0032
21663,0,Important Retention (Estrellas),-0.0,Bajo,0.0032
75820,3,General Customers (Básicos),-0.0011,Bajo,0.0032
45321,3,General Customers (Básicos),-0.0016,Bajo,0.0032
75941,0,Important Retention (Estrellas),-0.0004,Bajo,0.0032
87722,2,Developmental (En Crecimiento),-0.0007,Bajo,0.0032
89238,1,Loyal Customers (Fieles),-0.0064,Bajo,0.0032
23376,1,Loyal Customers (Fieles),-0.0065,Bajo,0.0032
78412,3,General Customers (Básicos),-0.0014,Bajo,0.0032
18512,1,Loyal Customers (Fieles),-0.0032,Bajo,0.0032
38571,3,General Customers (Básicos),-0.0022,Bajo,0.0032
37048,0,Important Retention (Estrellas),-0.0005,Bajo,0.0032
53958,2,Developmental (En Crecimiento),-0.0005,Bajo,0.0032
89439,1,Loyal Customers (Fieles),-0.0028,Bajo,0.0032
54138,0,Important Retention (Estrellas),-0.0005,Bajo,0.0032
681,0,Important Retention (Estrellas),-0.0002,Bajo,0.0032
24915,3,General Customers (Básicos),-0.0021,Bajo,0.0032
51358,0,Important Retention (Estrellas),-0.0005,Bajo,0.0032
81789,3,General Customers (Básicos),-0.0021,Bajo,0.0032
40285,0,Important Retention (Estrellas),-0.0,Bajo,0.0031
4386,0,Important Retention (Estrellas),0.0,Bajo,0.0031
30802,3,General Customers (Básicos),-0.0015,Bajo,0.0031
76640,3,General Customers (Básicos),-0.0013,Bajo,0.0031
85782,0,Important Retention (Estrellas),-0.0004,Bajo,0.0031
35124,2,Developmental (En Crecimiento),-0.0001,Bajo,0.0031
40089,1,Loyal Customers (Fieles),-0.0024,Bajo,0.0031
23343,0,Important Retention (Estrellas),-0.0008,Bajo,0.0031
65386,2,Developmental (En Crecimiento),-0.0004,Bajo,0.0031
50027,2,Developmental (En Crecimiento),-0.0003,Bajo,0.0031
83462,3,General Customers (Básicos),-0.0014,Bajo,0.003
48900,0,Important Retention (Estrellas),-0.0005,Bajo,0.003
75618,3,General Customers (Básicos),-0.0018,Bajo,0.003
52450,3,General Customers (Básicos),-0.0013,Bajo,0.003
94297,0,Important Retention (Estrellas),-0.0005,Bajo,0.003
3887,3,General Customers (Básicos),-0.0017,Bajo,0.0029
16560,3,General Customers (Básicos),-0.0016,Bajo,0.0029
93575,2,Developmental (En Crecimiento),-0.0004,Bajo,0.0029
96035,0,Important Retention (Estrellas),-0.0006,Bajo,0.0029
29764,0,Important Retention (Estrellas),-0.0007,Bajo,0.0029
3129,3,General Customers (Básicos),-0.0013,Bajo,0.0029
67517,1,Loyal Customers (Fieles),-0.0035,Bajo,0.0029
70479,3,General Customers (Básicos),-0.001,Bajo,0.0029
86726,0,Important Retention (Estrellas),-0.0007,Bajo,0.0029
95356,3,General Customers (Básicos),-0.0014,Bajo,0.0029
24479,2,Developmental (En Crecimiento),0.0002,Bajo,0.0029
74520,0,Important Retention (Estrellas),-0.0,Bajo,0.0028
3708,0,Important Retention (Estrellas),-0.0006,Bajo,0.0028
46069,2,Developmental (En Crecimiento),-0.0011,Bajo,0.0028
97252,1,Loyal Customers (Fieles),-0.002,Bajo,0.0027
24506,0,Important Retention (Estrellas),-0.0004,Bajo,0.0027
78446,3,General Customers (Básicos),-0.0011,Bajo,0.0027
54471,1,Loyal Customers (Fieles),-0.0023,Bajo,0.0027
68351,3,General Customers (Básicos),-0.0007,Bajo,0.0027
51479,3,General Customers (Básicos),-0.0012,Bajo,0.0027
48782,3,General Customers (Básicos),-0.001,Bajo,0.0026
18511,1,Loyal Customers (Fieles),-0.0051,Bajo,0.0026
3787,3,General Customers (Básicos),-0.0012,Bajo,0.0026
44178,1,Loyal Customers (Fieles),-0.0052,Bajo,0.0026
6129,3,General Customers (Básicos),-0.0017,Bajo,0.0026
6050,0,Important Retention (Estrellas),-0.0004,Bajo,0.0026
334,1,Loyal Customers (Fieles),-0.0052,Bajo,0.0026
50331,1,Loyal Customers (Fieles),-0.0026,Bajo,0.0026
51145,2,Developmental (En Crecimiento),-0.0009,Bajo,0.0025
39005,0,Important Retention (Estrellas),-0.0004,Bajo,0.0025
20501,3,General Customers (Básicos),-0.0008,Bajo,0.0025
32546,0,Important Retention (Estrellas),0.0001,Bajo,0.0025
11677,3,General Customers (Básicos),-0.0014,Bajo,0.0025
24897,0,Important Retention (Estrellas),-0.0004,Bajo,0.0025
14485,3,General Customers (Básicos),-0.0011,Bajo,0.0025
56849,0,Important Retention (Estrellas),-0.0004,Bajo,0.0025
64178,0,Important Retention (Estrellas),-0.0001,Bajo,0.0025
83975,3,General Customers (Básicos),-0.0011,Bajo,0.0024
79202,1,Loyal Customers (Fieles),-0.0029,Bajo,0.0024
2113,0,Important Retention (Estrellas),-0.0001,Bajo,0.0024
51820,0,Important Retention (Estrellas),-0.0004,Bajo,0.0024
46348,1,Loyal Customers (Fieles),-0.0016,Bajo,0.0024
81145,0,Important Retention (Estrellas),-0.0002,Bajo,0.0023
44125,0,Important Retention (Estrellas),-0.0004,Bajo,0.0023
63098,0,Important Retention (Estrellas),0.0001,Bajo,0.0023
90023,2,Developmental (En Crecimiento),-0.0008,Bajo,0.0023
40330,1,Loyal Customers (Fieles),-0.0019,Bajo,0.0023
36326,1,Loyal Customers (Fieles),-0.0023,Bajo,0.0023
66669,3,General Customers (Básicos),-0.0007,Bajo,0.0023
71854,3,General Customers (Básicos),-0.0009,Bajo,0.0023
12874,3,General Customers (Básicos),-0.0014,Bajo,0.0023
28731,0,Important Retention (Estrellas),-0.0006,Bajo,0.0023
65505,0,Important Retention (Estrellas),0.0001,Bajo,0.0022
42037,1,Loyal Customers (Fieles),-0.0022,Bajo,0.0022
5819,3,General Customers (Básicos),-0.0007,Bajo,0.0022
1733,3,General Customers (Básicos),-0.0007,Bajo,0.0022
61636,3,General Customers (Básicos),-0.0013,Bajo,0.0022
34927,0,Important Retention (Estrellas),-0.0005,Bajo,0.0022
9937,2,Developmental (En Crecimiento),-0.0008,Bajo,0.0022
26708,0,Important Retention (Estrellas),-0.0004,Bajo,0.0022
25213,3,General Customers (Básicos),-0.0009,Bajo,0.0022
40628,0,Important Retention (Estrellas),-0.0004,Bajo,0.0022
79962,1,Loyal Customers (Fieles),-0.0017,Bajo,0.0022
79018,3,General Customers (Básicos),-0.0007,Bajo,0.0022
756,0,Important Retention (Estrellas),-0.0001,Bajo,0.0022
9762,0,Important Retention (Estrellas),-0.0006,Bajo,0.0022
8421,2,Developmental (En Crecimiento),0.0004,Bajo,0.0021
64974,3,General Customers (Básicos),-0.0007,Bajo,0.0021
52586,1,Loyal Customers (Fieles),-0.0016,Bajo,0.0021
16059,3,General Customers (Básicos),-0.0011,Bajo,0.0021
487,3,General Customers (Básicos),-0.0008,Bajo,0.0021
10399,3,General Customers (Básicos),-0.0006,Bajo,0.0021
13011,3,General Customers (Básicos),-0.0013,Bajo,0.002
88135,0,Important Retention (Estrellas),-0.0005,Bajo,0.002
60725,3,General Customers (Básicos),-0.0013,Bajo,0.002
12307,3,General Customers (Básicos),-0.0013,Bajo,0.002
40143,0,Important Retention (Estrellas),-0.0005,Bajo,0.002
63009,1,Loyal Customers (Fieles),-0.0018,Bajo,0.002
85886,1,Loyal Customers (Fieles),-0.0015,Bajo,0.002
89408,0,Important Retention (Estrellas),-0.0004,Bajo,0.0019
4756,1,Loyal Customers (Fieles),-0.0017,Bajo,0.0019
60803,3,General Customers (Básicos),-0.001,Bajo,0.0019
49005,0,Important Retention (Estrellas),-0.0003,Bajo,0.0019
7317,1,Loyal Customers (Fieles),-0.0028,Bajo,0.0019
49391,3,General Customers (Básicos),-0.0005,Bajo,0.0019
34609,3,General Customers (Básicos),-0.0011,Bajo,0.0019
57061,1,Loyal Customers (Fieles),-0.0019,Bajo,0.0019
24787,2,Developmental (En Crecimiento),-0.0005,Bajo,0.0019
78595,3,General Customers (Básicos),-0.0013,Bajo,0.0019
64660,3,General Customers (Básicos),-0.0007,Bajo,0.0019
52359,1,Loyal Customers (Fieles),-0.0016,Bajo,0.0019
19402,0,Important Retention (Estrellas),-0.0003,Bajo,0.0018
65171,3,General Customers (Básicos),-0.0005,Bajo,0.0018
48525,0,Important Retention (Estrellas),0.0001,Bajo,0.0018
20525,3,General Customers (Básicos),-0.0005,Bajo,0.0018
3881,3,General Customers (Básicos),-0.0007,Bajo,0.0018
73904,3,General Customers (Básicos),-0.0005,Bajo,0.0018
58760,3,General Customers (Básicos),-0.0012,Bajo,0.0018
78387,3,General Customers (Básicos),-0.0012,Bajo,0.0018
26574,3,General Customers (Básicos),-0.0005,Bajo,0.0018
730,0,Important Retention (Estrellas),-0.0003,Bajo,0.0018
11660,0,Important Retention (Estrellas),-0.0002,Bajo,0.0018
60972,0,Important Retention (Estrellas),-0.0,Bajo,0.0017
49309,0,Important Retention (Estrellas),-0.0003,Bajo,0.0017
15146,3,General Customers (Básicos),-0.0005,Bajo,0.0017
35617,1,Loyal Customers (Fieles),-0.0017,Bajo,0.0017
79267,0,Important Retention (Estrellas),-0.0004,Bajo,0.0017
83768,0,Important Retention (Estrellas),-0.0004,Bajo,0.0017
56286,3,General Customers (Básicos),-0.0005,Bajo,0.0017
59851,3,General Customers (Básicos),-0.0007,Bajo,0.0017
66752,3,General Customers (Básicos),-0.0008,Bajo,0.0017
3284,3,General Customers (Básicos),-0.0005,Bajo,0.0017
15453,0,Important Retention (Estrellas),-0.0001,Bajo,0.0017
23895,3,General Customers (Básicos),-0.0009,Bajo,0.0017
35534,2,Developmental (En Crecimiento),-0.0,Bajo,0.0017
15133,3,General Customers (Básicos),-0.0005,Bajo,0.0017
94422,0,Important Retention (Estrellas),-0.0003,Bajo,0.0017
53808,1,Loyal Customers (Fieles),-0.0015,Bajo,0.0017
17575,3,General Customers (Básicos),-0.001,Bajo,0.0017
28561,0,Important Retention (Estrellas),-0.0004,Bajo,0.0017
50547,0,Important Retention (Estrellas),-0.0002,Bajo,0.0017
54960,3,General Customers (Básicos),-0.0005,Bajo,0.0017
31772,3,General Customers (Básicos),-0.0005,Bajo,0.0017
98601,0,Important Retention (Estrellas),-0.0003,Bajo,0.0016
94510,0,Important Retention (Estrellas),-0.0003,Bajo,0.0016
11449,3,General Customers (Básicos),-0.0007,Bajo,0.0016
61253,3,General Customers (Básicos),-0.0004,Bajo,0.0016
42590,0,Important Retention (Estrellas),-0.0002,Bajo,0.0016
24237,0,Important Retention (Estrellas),-0.0001,Bajo,0.0016
81329,1,Loyal Customers (Fieles),-0.0012,Bajo,0.0016
83702,3,General Customers (Básicos),-0.0006,Bajo,0.0016
94581,0,Important Retention (Estrellas),-0.0004,Bajo,0.0016
96276,3,General Customers (Básicos),-0.0009,Bajo,0.0016
65774,3,General Customers (Básicos),-0.0006,Bajo,0.0016
10824,0,Important Retention (Estrellas),-0.0002,Bajo,0.0016
58615,3,General Customers (Básicos),-0.0007,Bajo,0.0016
80798,0,Important Retention (Estrellas),-0.0003,Bajo,0.0015
36643,3,General Customers (Básicos),-0.0007,Bajo,0.0015
11440,2,Developmental (En Crecimiento),-0.0002,Bajo,0.0015
53524,3,General Customers (Básicos),-0.0004,Bajo,0.0015
52063,0,Important Retention (Estrellas),-0.0001,Bajo,0.0015
73693,3,General Customers (Básicos),-0.0007,Bajo,0.0015
54574,1,Loyal Customers (Fieles),-0.0011,Bajo,0.0015
64736,1,Loyal Customers (Fieles),-0.001,Bajo,0.0015
18175,3,General Customers (Básicos),-0.0005,Bajo,0.0015
11441,3,General Customers (Básicos),-0.0007,Bajo,0.0015
67998,3,General Customers (Básicos),-0.0009,Bajo,0.0014
68744,0,Important Retention (Estrellas),-0.0003,Bajo,0.0014
16394,0,Important Retention (Estrellas),-0.0002,Bajo,0.0014
65778,0,Important Retention (Estrellas),-0.0003,Bajo,0.0014
78048,1,Loyal Customers (Fieles),-0.0012,Bajo,0.0014
24089,1,Loyal Customers (Fieles),-0.0014,Bajo,0.0014
36339,0,Important Retention (Estrellas),-0.0003,Bajo,0.0014
10305,3,General Customers (Básicos),-0.0005,Bajo,0.0014
30670,3,General Customers (Básicos),-0.0004,Bajo,0.0014
46679,3,General Customers (Básicos),-0.0006,Bajo,0.0013
3413,0,Important Retention (Estrellas),0.0,Bajo,0.0013
8163,3,General Customers (Básicos),-0.0004,Bajo,0.0013
80704,3,General Customers (Básicos),-0.0006,Bajo,0.0013
77150,2,Developmental (En Crecimiento),-0.0003,Bajo,0.0013
38487,0,Important Retention (Estrellas),-0.0002,Bajo,0.0013
17294,3,General Customers (Básicos),-0.0004,Bajo,0.0013
44213,3,General Customers (Básicos),-0.0008,Bajo,0.0013
71538,0,Important Retention (Estrellas),0.0002,Bajo,0.0013
96699,3,General Customers (Básicos),-0.0005,Bajo,0.0013
70560,3,General Customers (Básicos),-0.0006,Bajo,0.0013
63027,0,Important Retention (Estrellas),-0.0002,Bajo,0.0013
96233,2,Developmental (En Crecimiento),-0.0001,Bajo,0.0013
67489,3,General Customers (Básicos),-0.0004,Bajo,0.0013
63566,2,Developmental (En Crecimiento),-0.0001,Bajo,0.0012
49435,0,Important Retention (Estrellas),-0.0002,Bajo,0.0012
47159,3,General Customers (Básicos),-0.0005,Bajo,0.0012
4083,3,General Customers (Básicos),-0.0005,Bajo,0.0012
12094,3,General Customers (Básicos),-0.0004,Bajo,0.0012
37848,3,General Customers (Básicos),-0.0005,Bajo,0.0012
32606,0,Important Retention (Estrellas),-0.0002,Bajo,0.0012
71568,3,General Customers (Básicos),-0.0005,Bajo,0.0012
41809,3,General Customers (Básicos),-0.0004,Bajo,0.0012
45903,0,Important Retention (Estrellas),0.0001,Bajo,0.0012
24471,3,General Customers (Básicos),-0.0005,Bajo,0.0012
30260,3,General Customers (Básicos),-0.0005,Bajo,0.0011
20437,3,General Customers (Básicos),-0.0003,Bajo,0.0011
3063,3,General Customers (Básicos),-0.0007,Bajo,0.0011
58661,3,General Customers (Básicos),-0.0004,Bajo,0.0011
42827,3,General Customers (Básicos),-0.0003,Bajo,0.0011
31591,0,Important Retention (Estrellas),-0.0003,Bajo,0.0011
2873,0,Important Retention (Estrellas),-0.0002,Bajo,0.0011
10044,3,General Customers (Básicos),-0.0004,Bajo,0.0011
93971,0,Important Retention (Estrellas),-0.0002,Bajo,0.0011
81782,0,Important Retention (Estrellas),-0.0002,Bajo,0.0011
21120,0,Important Retention (Estrellas),0.0,Bajo,0.001
55425,3,General Customers (Básicos),-0.0004,Bajo,0.001
89885,3,General Customers (Básicos),-0.0006,Bajo,0.001
96624,3,General Customers (Básicos),-0.0004,Bajo,0.001
47657,0,Important Retention (Estrellas),-0.0002,Bajo,0.001
12681,3,General Customers (Básicos),-0.0004,Bajo,0.001
20937,0,Important Retention (Estrellas),-0.0002,Bajo,0.001
2769,0,Important Retention (Estrellas),-0.0002,Bajo,0.001
4209,3,General Customers (Básicos),-0.0005,Bajo,0.001
51127,0,Important Retention (Estrellas),-0.0001,Bajo,0.001
93823,3,General Customers (Básicos),-0.0002,Bajo,0.0009
51841,0,Important Retention (Estrellas),-0.0001,Bajo,0.0009
5357,0,Important Retention (Estrellas),-0.0002,Bajo,0.0009
34759,0,Important Retention (Estrellas),-0.0002,Bajo,0.0009
73037,0,Important Retention (Estrellas),-0.0001,Bajo,0.0009
59081,0,Important Retention (Estrellas),-0.0002,Bajo,0.0009
99825,0,Important Retention (Estrellas),0.0,Bajo,0.0009
58282,0,Important Retention (Estrellas),-0.0002,Bajo,0.0009
95800,3,General Customers (Básicos),-0.0003,Bajo,0.0009
19384,0,Important Retention (Estrellas),-0.0002,Bajo,0.0009
97067,1,Loyal Customers (Fieles),-0.0007,Bajo,0.0009
26020,3,General Customers (Básicos),-0.0003,Bajo,0.0009
84412,3,General Customers (Básicos),-0.0003,Bajo,0.0009
25569,0,Important Retention (Estrellas),-0.0002,Bajo,0.0009
57434,0,Important Retention (Estrellas),-0.0002,Bajo,0.0008
23813,3,General Customers (Básicos),-0.0005,Bajo,0.0008
68754,3,General Customers (Básicos),-0.0003,Bajo,0.0008
1253,3,General Customers (Básicos),-0.0002,Bajo,0.0008
17667,0,Important Retention (Estrellas),-0.0002,Bajo,0.0008
37928,3,General Customers (Básicos),-0.0002,Bajo,0.0008
38733,0,Important Retention (Estrellas),-0.0002,Bajo,0.0008
23781,3,General Customers (Básicos),-0.0004,Bajo,0.0008
14154,3,General Customers (Básicos),-0.0002,Bajo,0.0008
17698,3,General Customers (Básicos),-0.0003,Bajo,0.0008
73768,1,Loyal Customers (Fieles),-0.0008,Bajo,0.0008
87119,0,Important Retention (Estrellas),-0.0002,Bajo,0.0008
36937,3,General Customers (Básicos),-0.0003,Bajo,0.0008
90208,0,Important Retention (Estrellas),-0.0001,Bajo,0.0008
62325,0,Important Retention (Estrellas),-0.0002,Bajo,0.0008
40948,0,Important Retention (Estrellas),-0.0002,Bajo,0.0008
70884,3,General Customers (Básicos),-0.0003,Bajo,0.0007
81246,0,Important Retention (Estrellas),-0.0002,Bajo,0.0007
33003,3,General Customers (Básicos),-0.0003,Bajo,0.0007
68986,0,Important Retention (Estrellas),0.0,Bajo,0.0007
99863,3,General Customers (Básicos),-0.0002,Bajo,0.0007
61660,1,Loyal Customers (Fieles),-0.0006,Bajo,0.0007
11007,3,General Customers (Básicos),-0.0002,Bajo,0.0007
20942,0,Important Retention (Estrellas),-0.0001,Bajo,0.0007
54847,3,General Customers (Básicos),-0.0003,Bajo,0.0006
52003,0,Important Retention (Estrellas),-0.0001,Bajo,0.0006
44266,0,Important Retention (Estrellas),-0.0001,Bajo,0.0006
91139,3,General Customers (Básicos),-0.0002,Bajo,0.0006
54335,0,Important Retention (Estrellas),-0.0001,Bajo,0.0006
6812,0,Important Retention (Estrellas),-0.0001,Bajo,0.0006
68812,0,Important Retention (Estrellas),-0.0001,Bajo,0.0006
95860,0,Important Retention (Estrellas),-0.0001,Bajo,0.0006
29870,0,Important Retention (Estrellas),-0.0001,Bajo,0.0006
9005,0,Important Retention (Estrellas),-0.0001,Bajo,0.0006
50892,3,General Customers (Básicos),-0.0003,Bajo,0.0006
7443,0,Important Retention (Estrellas),-0.0001,Bajo,0.0006
74978,3,General Customers (Básicos),-0.0002,Bajo,0.0006
37800,3,General Customers (Básicos),-0.0002,Bajo,0.0005
15702,3,General Customers (Básicos),-0.0002,Bajo,0.0005
18480,3,General Customers (Básicos),-0.0002,Bajo,0.0005
37675,0,Important Retention (Estrellas),-0.0001,Bajo,0.0005
27420,3,General Customers (Básicos),-0.0002,Bajo,0.0005
49793,0,Important Retention (Estrellas),-0.0001,Bajo,0.0005
2720,3,General Customers (Básicos),-0.0002,Bajo,0.0005
78227,3,General Customers (Básicos),-0.0002,Bajo,0.0005
77518,3,General Customers (Básicos),-0.0002,Bajo,0.0004
58438,3,General Customers (Básicos),-0.0002,Bajo,0.0004
90285,3,General Customers (Básicos),-0.0001,Bajo,0.0004
27440,3,General Customers (Básicos),-0.0002,Bajo,0.0004
80268,0,Important Retention (Estrellas),-0.0001,Bajo,0.0004
8645,3,General Customers (Básicos),-0.0001,Bajo,0.0003
26741,3,General Customers (Básicos),-0.0001,Bajo,0.0003
91363,0,Important Retention (Estrellas),-0.0001,Bajo,0.0003
10049,0,Important Retention (Estrellas),-0.0,Bajo,0.0003
95175,0,Important Retention (Estrellas),-0.0001,Bajo,0.0003
82420,0,Important Retention (Estrellas),-0.0001,Bajo,0.0003
51689,0,Important Retention (Estrellas),-0.0001,Bajo,0.0003
20493,0,Important Retention (Estrellas),-0.0001,Bajo,0.0003
14543,0,Important Retention (Estrellas),-0.0001,Bajo,0.0003
80586,0,Important Retention (Estrellas),-0.0001,Bajo,0.0003
3492,0,Important Retention (Estrellas),-0.0,Bajo,0.0002
47594,0,Important Retention (Estrellas),-0.0001,Bajo,0.0002
35265,0,Important Retention (Estrellas),-0.0,Bajo,0.0002
97366,0,Important Retention (Estrellas),-0.0001,Bajo,0.0002
34660,3,General Customers (Básicos),-0.0002,Bajo,0.0002
44710,3,General Customers (Básicos),-0.0001,Bajo,0.0002
52605,3,General Customers (Básicos),-0.0,Bajo,0.0001
90675,0,Important Retention (Estrellas),-0.0397,Medio (Perdiendo Interés),0.0685
84054,1,Loyal Customers (Fieles),-0.0467,Medio (Perdiendo Interés),0.0592
60926,0,Important Retention (Estrellas),-0.0412,Medio (Perdiendo Interés),0.055
97311,2,Developmental (En Crecimiento),-0.0333,Medio (Perdiendo Interés),0.0473
34350,2,Developmental (En Crecimiento),-0.0423,Medio (Perdiendo Interés),0.046
85957,1,Loyal Customers (Fieles),-0.0252,Medio (Perdiendo Interés),0.0433
83772,1,Loyal Customers (Fieles),-0.0398,Medio (Perdiendo Interés),0.0429
31958,2,Developmental (En Crecimiento),-0.0111,Medio (Perdiendo Interés),0.0404
96954,1,Loyal Customers (Fieles),-0.0483,Medio (Perdiendo Interés),0.0402
44716,1,Loyal Customers (Fieles),-0.0463,Medio (Perdiendo Interés),0.0386
74452,1,Loyal Customers (Fieles),-0.0361,Medio (Perdiendo Interés),0.0361
15916,0,Important Retention (Estrellas),-0.0144,Medio (Perdiendo Interés),0.0342
56121,2,Developmental (En Crecimiento),-0.0153,Medio (Perdiendo Interés),0.0326
8515,0,Important Retention (Estrellas),-0.0212,Medio (Perdiendo Interés),0.0318
91870,1,Loyal Customers (Fieles),-0.0475,Medio (Perdiendo Interés),0.0317
99969,0,Important Retention (Estrellas),-0.0233,Medio (Perdiendo Interés),0.0311
80501,1,Loyal Customers (Fieles),-0.0462,Medio (Perdiendo Interés),0.0308
79505,1,Loyal Customers (Fieles),-0.0262,Medio (Perdiendo Interés),0.0306
932,1,Loyal Customers (Fieles),-0.0455,Medio (Perdiendo Interés),0.0303
14095,1,Loyal Customers (Fieles),-0.0223,Medio (Perdiendo Interés),0.0301
35697,1,Loyal Customers (Fieles),-0.017,Medio (Perdiendo Interés),0.0293
25971,1,Loyal Customers (Fieles),-0.0288,Medio (Perdiendo Interés),0.0288
67148,0,Important Retention (Estrellas),-0.0432,Medio (Perdiendo Interés),0.0288
38281,1,Loyal Customers (Fieles),-0.042,Medio (Perdiendo Interés),0.028
38353,1,Loyal Customers (Fieles),-0.0414,Medio (Perdiendo Interés),0.0276
53273,2,Developmental (En Crecimiento),-0.0104,Medio (Perdiendo Interés),0.0271
96310,1,Loyal Customers (Fieles),-0.0261,Medio (Perdiendo Interés),0.0266
13821,0,Important Retention (Estrellas),-0.0194,Medio (Perdiendo Interés),0.0265
20132,1,Loyal Customers (Fieles),-0.0273,Medio (Perdiendo Interés),0.0262
62035,1,Loyal Customers (Fieles),-0.0308,Medio (Perdiendo Interés),0.0257
57886,1,Loyal Customers (Fieles),-0.0192,Medio (Perdiendo Interés),0.0255
40204,1,Loyal Customers (Fieles),-0.0249,Medio (Perdiendo Interés),0.0252
4443,1,Loyal Customers (Fieles),-0.0295,Medio (Perdiendo Interés),0.0246
66642,1,Loyal Customers (Fieles),-0.0182,Medio (Perdiendo Interés),0.0245
82772,1,Loyal Customers (Fieles),-0.0291,Medio (Perdiendo Interés),0.0242
56654,1,Loyal Customers (Fieles),-0.0485,Medio (Perdiendo Interés),0.0242
22719,1,Loyal Customers (Fieles),-0.0356,Medio (Perdiendo Interés),0.0237
641,1,Loyal Customers (Fieles),-0.0223,Medio (Perdiendo Interés),0.0233
36744,0,Important Retention (Estrellas),-0.0174,Medio (Perdiendo Interés),0.0232
3171,0,Important Retention (Estrellas),-0.0133,Medio (Perdiendo Interés),0.0232
84292,1,Loyal Customers (Fieles),-0.0277,Medio (Perdiendo Interés),0.0231
43266,1,Loyal Customers (Fieles),-0.0446,Medio (Perdiendo Interés),0.0223
25978,2,Developmental (En Crecimiento),-0.0184,Medio (Perdiendo Interés),0.0223
14058,1,Loyal Customers (Fieles),-0.0443,Medio (Perdiendo Interés),0.0221
96623,1,Loyal Customers (Fieles),-0.044,Medio (Perdiendo Interés),0.022
63298,0,Important Retention (Estrellas),-0.0437,Medio (Perdiendo Interés),0.0218
76981,1,Loyal Customers (Fieles),-0.032,Medio (Perdiendo Interés),0.0213
22995,1,Loyal Customers (Fieles),-0.0199,Medio (Perdiendo Interés),0.0213
24694,1,Loyal Customers (Fieles),-0.032,Medio (Perdiendo Interés),0.0213
75495,1,Loyal Customers (Fieles),-0.0159,Medio (Perdiendo Interés),0.0212
651,1,Loyal Customers (Fieles),-0.0421,Medio (Perdiendo Interés),0.0211
58832,2,Developmental (En Crecimiento),-0.0113,Medio (Perdiendo Interés),0.0211
74285,1,Loyal Customers (Fieles),-0.042,Medio (Perdiendo Interés),0.021
30779,0,Important Retention (Estrellas),-0.014,Medio (Perdiendo Interés),0.021
61283,0,Important Retention (Estrellas),-0.0248,Medio (Perdiendo Interés),0.0207
90577,1,Loyal Customers (Fieles),-0.031,Medio (Perdiendo Interés),0.0207
73081,1,Loyal Customers (Fieles),-0.0248,Medio (Perdiendo Interés),0.0207
12935,2,Developmental (En Crecimiento),-0.011,Medio (Perdiendo Interés),0.0207
45882,1,Loyal Customers (Fieles),-0.0206,Medio (Perdiendo Interés),0.0206
48276,1,Loyal Customers (Fieles),-0.041,Medio (Perdiendo Interés),0.0205
9705,0,Important Retention (Estrellas),-0.0299,Medio (Perdiendo Interés),0.0199
98989,0,Important Retention (Estrellas),-0.0119,Medio (Perdiendo Interés),0.0199
16855,1,Loyal Customers (Fieles),-0.0199,Medio (Perdiendo Interés),0.0199
42325,1,Loyal Customers (Fieles),-0.0396,Medio (Perdiendo Interés),0.0198
636,1,Loyal Customers (Fieles),-0.0393,Medio (Perdiendo Interés),0.0197
16645,1,Loyal Customers (Fieles),-0.0291,Medio (Perdiendo Interés),0.0194
88877,1,Loyal Customers (Fieles),-0.0388,Medio (Perdiendo Interés),0.0194
75095,1,Loyal Customers (Fieles),-0.0385,Medio (Perdiendo Interés),0.0192
90719,1,Loyal Customers (Fieles),-0.0382,Medio (Perdiendo Interés),0.0191
18590,1,Loyal Customers (Fieles),-0.0104,Medio (Perdiendo Interés),0.019
45633,1,Loyal Customers (Fieles),-0.0163,Medio (Perdiendo Interés),0.019
41521,1,Loyal Customers (Fieles),-0.0375,Medio (Perdiendo Interés),0.0187
15267,1,Loyal Customers (Fieles),-0.0186,Medio (Perdiendo Interés),0.0186
69779,1,Loyal Customers (Fieles),-0.0125,Medio (Perdiendo Interés),0.0182
37411,1,Loyal Customers (Fieles),-0.0265,Medio (Perdiendo Interés),0.0177
67431,1,Loyal Customers (Fieles),-0.0177,Medio (Perdiendo Interés),0.0177
95554,1,Loyal Customers (Fieles),-0.0352,Medio (Perdiendo Interés),0.0176
25034,1,Loyal Customers (Fieles),-0.0349,Medio (Perdiendo Interés),0.0175
27301,1,Loyal Customers (Fieles),-0.0345,Medio (Perdiendo Interés),0.0173
61038,1,Loyal Customers (Fieles),-0.0173,Medio (Perdiendo Interés),0.0173
75648,1,Loyal Customers (Fieles),-0.0258,Medio (Perdiendo Interés),0.0172
14149,1,Loyal Customers (Fieles),-0.0259,Medio (Perdiendo Interés),0.0172
70011,1,Loyal Customers (Fieles),-0.0132,Medio (Perdiendo Interés),0.0171
26737,0,Important Retention (Estrellas),-0.0254,Medio (Perdiendo Interés),0.0169
37216,1,Loyal Customers (Fieles),-0.0252,Medio (Perdiendo Interés),0.0168
83751,1,Loyal Customers (Fieles),-0.0155,Medio (Perdiendo Interés),0.0168
59051,3,General Customers (Básicos),-0.0101,Medio (Perdiendo Interés),0.0168
92654,1,Loyal Customers (Fieles),-0.0199,Medio (Perdiendo Interés),0.0166
69718,1,Loyal Customers (Fieles),-0.0125,Medio (Perdiendo Interés),0.0166
62205,0,Important Retention (Estrellas),-0.0109,Medio (Perdiendo Interés),0.0164
92319,1,Loyal Customers (Fieles),-0.0196,Medio (Perdiendo Interés),0.0163
60199,1,Loyal Customers (Fieles),-0.0121,Medio (Perdiendo Interés),0.0162
90949,1,Loyal Customers (Fieles),-0.0121,Medio (Perdiendo Interés),0.0162
56824,1,Loyal Customers (Fieles),-0.0139,Medio (Perdiendo Interés),0.0162
14659,1,Loyal Customers (Fieles),-0.0323,Medio (Perdiendo Interés),0.0162
92057,1,Loyal Customers (Fieles),-0.0155,Medio (Perdiendo Interés),0.0155
2609,3,General Customers (Básicos),-0.0102,Medio (Perdiendo Interés),0.0154
89454,1,Loyal Customers (Fieles),-0.0182,Medio (Perdiendo Interés),0.0152
46696,3,General Customers (Básicos),-0.0101,Medio (Perdiendo Interés),0.0152
70303,1,Loyal Customers (Fieles),-0.0114,Medio (Perdiendo Interés),0.0152
15083,1,Loyal Customers (Fieles),-0.0135,Medio (Perdiendo Interés),0.015
53326,1,Loyal Customers (Fieles),-0.0128,Medio (Perdiendo Interés),0.0149
64580,1,Loyal Customers (Fieles),-0.022,Medio (Perdiendo Interés),0.0147
26288,1,Loyal Customers (Fieles),-0.0174,Medio (Perdiendo Interés),0.0145
56484,1,Loyal Customers (Fieles),-0.029,Medio (Perdiendo Interés),0.0145
5117,1,Loyal Customers (Fieles),-0.0291,Medio (Perdiendo Interés),0.0145
23614,1,Loyal Customers (Fieles),-0.0291,Medio (Perdiendo Interés),0.0145
59040,1,Loyal Customers (Fieles),-0.0285,Medio (Perdiendo Interés),0.0143
3186,1,Loyal Customers (Fieles),-0.021,Medio (Perdiendo Interés),0.014
1560,1,Loyal Customers (Fieles),-0.021,Medio (Perdiendo Interés),0.014
20990,1,Loyal Customers (Fieles),-0.0103,Medio (Perdiendo Interés),0.0138
92432,1,Loyal Customers (Fieles),-0.0113,Medio (Perdiendo Interés),0.0132
87079,1,Loyal Customers (Fieles),-0.0194,Medio (Perdiendo Interés),0.0129
41024,1,Loyal Customers (Fieles),-0.0111,Medio (Perdiendo Interés),0.0129
89653,1,Loyal Customers (Fieles),-0.0259,Medio (Perdiendo Interés),0.0129
73942,1,Loyal Customers (Fieles),-0.0259,Medio (Perdiendo Interés),0.0129
21777,0,Important Retention (Estrellas),-0.0193,Medio (Perdiendo Interés),0.0129
69813,1,Loyal Customers (Fieles),-0.0255,Medio (Perdiendo Interés),0.0128
68383,0,Important Retention (Estrellas),-0.0128,Medio (Perdiendo Interés),0.0128
71584,1,Loyal Customers (Fieles),-0.0192,Medio (Perdiendo Interés),0.0128
58667,1,Loyal Customers (Fieles),-0.0103,Medio (Perdiendo Interés),0.0124
75107,1,Loyal Customers (Fieles),-0.0249,Medio (Perdiendo Interés),0.0124
55760,1,Loyal Customers (Fieles),-0.0103,Medio (Perdiendo Interés),0.0121
3720,1,Loyal Customers (Fieles),-0.0125,Medio (Perdiendo Interés),0.012
69537,1,Loyal Customers (Fieles),-0.0178,Medio (Perdiendo Interés),0.0119
39945,1,Loyal Customers (Fieles),-0.0178,Medio (Perdiendo Interés),0.0119
94749,1,Loyal Customers (Fieles),-0.0239,Medio (Perdiendo Interés),0.0119
67836,1,Loyal Customers (Fieles),-0.0231,Medio (Perdiendo Interés),0.0116
10703,1,Loyal Customers (Fieles),-0.0136,Medio (Perdiendo Interés),0.0113
49222,1,Loyal Customers (Fieles),-0.0129,Medio (Perdiendo Interés),0.0107
76288,1,Loyal Customers (Fieles),-0.0126,Medio (Perdiendo Interés),0.0105
24966,1,Loyal Customers (Fieles),-0.0207,Medio (Perdiendo Interés),0.0103
34090,0,Important Retention (Estrellas),-0.0149,Medio (Perdiendo Interés),0.0099
43055,1,Loyal Customers (Fieles),-0.0119,Medio (Perdiendo Interés),0.0099
41425,1,Loyal Customers (Fieles),-0.0142,Medio (Perdiendo Interés),0.0095
68492,1,Loyal Customers (Fieles),-0.0181,Medio (Perdiendo Interés),0.009
20516,1,Loyal Customers (Fieles),-0.018,Medio (Perdiendo Interés),0.009
70726,1,Loyal Customers (Fieles),-0.0169,Medio (Perdiendo Interés),0.0085
51612,1,Loyal Customers (Fieles),-0.0162,Medio (Perdiendo Interés),0.0081
70698,1,Loyal Customers (Fieles),-0.0162,Medio (Perdiendo Interés),0.0081
99618,1,Loyal Customers (Fieles),-0.0162,Medio (Perdiendo Interés),0.0081
48856,1,Loyal Customers (Fieles),-0.0116,Medio (Perdiendo Interés),0.0078
24070,0,Important Retention (Estrellas),-0.0126,Medio (Perdiendo Interés),0.0063
57351,1,Loyal Customers (Fieles),-0.0113,Medio (Perdiendo Interés),0.0057
33435,1,Loyal Customers (Fieles),-0.0109,Medio (Perdiendo Interés),0.0055
